20161202, 6740, 6770, 6650, 6760, 31915, 6760
20161201, 6600, 6740, 6550, 6740, 30740, 6740
20161130, 6620, 6640, 6500, 6600, 38110, 6600
20161129, 6590, 6640, 6530, 6620, 46382, 6620
20161128, 6740, 6790, 6520, 6610, 52779, 6610
20161125, 6670, 6800, 6670, 6740, 21883, 6740
20161124, 6810, 6890, 6680, 6740, 43583, 6740
20161123, 6910, 6920, 6780, 6830, 36418, 6830
20161122, 6880, 6920, 6790, 6870, 23056, 6870
20161121, 7000, 7010, 6790, 6800, 63576, 6800
20161118, 7000, 7000, 6810, 6900, 76896, 6900
20161117, 7040, 7060, 6930, 7020, 52707, 7020
20161116, 6960, 7030, 6900, 7020, 42181, 7020
20161115, 6950, 7030, 6830, 6960, 67180, 6960
20161114, 6950, 6980, 6850, 6920, 78538, 6920
20161111, 6560, 6890, 6530, 6880, 112730, 6880
20161110, 6410, 6560, 6350, 6560, 38780, 6560
20161109, 6710, 6730, 6130, 6320, 140378, 6320
20161108, 6600, 6670, 6560, 6640, 24942, 6640
20161107, 6440, 6690, 6430, 6600, 43299, 6600
20161104, 6430, 6480, 6340, 6440, 39943, 6440
20161103, 6180, 6450, 6170, 6430, 51366, 6430
20161102, 6510, 6600, 6230, 6230, 101536, 6230
20161101, 6660, 6710, 6470, 6560, 39308, 6560
20161031, 6730, 6760, 6480, 6660, 78141, 6660
20161028, 6770, 6890, 6610, 6750, 27109, 6750
20161027, 6560, 6840, 6560, 6820, 56515, 6820
20161026, 6690, 6790, 6460, 6560, 104452, 6560
20161025, 6750, 6800, 6550, 6730, 92324, 6730
20161024, 6780, 6880, 6720, 6800, 44679, 6800
20161021, 6860, 6940, 6770, 6780, 51190, 6780
20161020, 6950, 6980, 6830, 6870, 48529, 6870
20161019, 7060, 7060, 6860, 6950, 81574, 6950
20161018, 7070, 7090, 6960, 7000, 57454, 7000
20161017, 7140, 7180, 7020, 7070, 77169, 7070
20161014, 7130, 7210, 7020, 7140, 93859, 7140
20161013, 7250, 7300, 7100, 7150, 118357, 7150
20161012, 7120, 7240, 7120, 7210, 67002, 7210
20161011, 7250, 7290, 7120, 7140, 74189, 7140
20161010, 7200, 7420, 7190, 7250, 104747, 7250
20161007, 7360, 7450, 7140, 7240, 204951, 7240
20161006, 7550, 7620, 7250, 7300, 191208, 7300
20161005, 7650, 7730, 7510, 7540, 64023, 7540
20161004, 7600, 7700, 7560, 7670, 82723, 7670
20160930, 7810, 7810, 7550, 7600, 194868, 7600
20160929, 7890, 7890, 7740, 7840, 113029, 7840
20160928, 7990, 8000, 7800, 7820, 118357, 7820
20160927, 7910, 7980, 7770, 7900, 181792, 7900
20160926, 7790, 7960, 7750, 7920, 190243, 7920
20160923, 7870, 7930, 7670, 7680, 186233, 7680
20160922, 7940, 8080, 7800, 7850, 146119, 7850
20160921, 8180, 8180, 7860, 7930, 141230, 7930
20160920, 7950, 8250, 7890, 8110, 219438, 8110
20160919, 7610, 8000, 7580, 8000, 356036, 8000
20160913, 7750, 7790, 7550, 7560, 151488, 7560
20160912, 7510, 7890, 7290, 7510, 522639, 7510
20160909, 7670, 7770, 7410, 7510, 209007, 7510
20160908, 7310, 7770, 7300, 7660, 480977, 7660
20160907, 7470, 7540, 7310, 7310, 174430, 7310
20160906, 7500, 7550, 7360, 7500, 183160, 7500
20160905, 7010, 7580, 6970, 7560, 509448, 7560
20160902, 7190, 7200, 7000, 7010, 67718, 7010
20160901, 7160, 7280, 7120, 7180, 77860, 7180
20160831, 7250, 7340, 7080, 7210, 88616, 7210
20160830, 7020, 7250, 7000, 7250, 156444, 7250
20160829, 7130, 7180, 6900, 6940, 143599, 6940
20160826, 7270, 7270, 7060, 7200, 104204, 7200
20160825, 7310, 7420, 7160, 7220, 129586, 7220
20160824, 7440, 7520, 7280, 7420, 202211, 7420
20160823, 7210, 7480, 7180, 7440, 426210, 7440
20160822, 7300, 7310, 7100, 7190, 263009, 7190
20160819, 6680, 7850, 6590, 7300, 1631252, 7300
20160818, 6750, 6750, 6560, 6630, 129106, 6630
20160817, 6890, 6940, 6650, 6780, 137078, 6780
20160816, 6910, 6950, 6770, 6820, 192918, 6820
20160812, 6520, 7120, 6490, 6820, 778752, 6820
20160811, 6380, 6510, 6380, 6500, 131595, 6500
20160810, 6210, 6410, 6210, 6340, 59015, 6340
20160809, 6110, 6290, 6110, 6260, 43213, 6260
20160808, 6130, 6180, 6100, 6110, 37371, 6110
20160805, 6180, 6180, 6090, 6120, 87378, 6120
20160804, 6170, 6260, 6120, 6200, 69409, 6200
20160803, 6260, 6260, 6130, 6200, 36642, 6200
20160802, 6330, 6390, 6250, 6260, 33146, 6260
20160801, 6320, 6430, 6250, 6330, 15062, 6330
20160729, 6460, 6460, 6320, 6320, 31119, 6320
20160728, 6390, 6400, 6330, 6380, 14770, 6380
20160727, 6410, 6470, 6300, 6360, 82501, 6360
20160726, 6370, 6550, 6310, 6470, 45843, 6470
20160725, 6240, 6370, 6220, 6350, 50955, 6350
20160722, 6310, 6310, 6140, 6200, 68731, 6200
20160721, 6100, 6300, 6100, 6270, 74956, 6270
20160720, 6060, 6130, 5960, 6070, 63793, 6070
20160719, 6160, 6210, 6050, 6060, 103716, 6060
20160718, 6300, 6370, 6190, 6210, 96176, 6210
20160715, 6360, 6390, 6270, 6370, 40585, 6370
20160714, 6460, 6490, 6290, 6370, 73901, 6370
20160713, 6530, 6530, 6440, 6500, 20176, 6500
20160712, 6440, 6500, 6360, 6470, 29924, 6470
20160711, 6470, 6470, 6380, 6440, 19247, 6440
20160708, 6500, 6570, 6400, 6470, 17933, 6470
20160707, 6400, 6540, 6400, 6500, 20688, 6500
20160706, 6530, 6540, 6350, 6420, 37558, 6420
20160705, 6430, 6540, 6420, 6510, 46088, 6510
20160704, 6510, 6560, 6410, 6470, 56119, 6470
20160701, 6260, 7280, 6260, 6490, 390354, 6490
20160630, 6290, 6370, 6250, 6280, 16402, 6280
20160629, 6190, 6280, 6190, 6280, 22187, 6280
20160628, 6010, 6200, 5970, 6170, 33908, 6170
20160627, 5730, 6080, 5730, 6070, 71390, 6070
20160624, 6400, 6400, 5960, 6100, 153293, 6100
20160623, 6450, 6460, 6180, 6400, 85417, 6400
20160622, 6500, 6570, 6390, 6480, 59804, 6480
20160621, 6600, 6640, 6390, 6530, 87220, 6530
20160620, 6700, 6740, 6490, 6640, 53698, 6640
20160617, 6760, 6800, 6630, 6670, 35168, 6670
20160616, 6820, 6900, 6660, 6740, 32981, 6740
20160615, 6820, 6920, 6760, 6820, 20611, 6820
20160614, 6850, 6850, 6700, 6830, 24352, 6830
20160613, 6950, 6980, 6790, 6850, 35237, 6850
20160610, 7070, 7070, 6930, 6950, 20565, 6950
20160609, 7040, 7090, 6950, 7010, 28043, 7010
20160608, 7070, 7070, 6990, 7040, 29511, 7040
20160607, 6960, 7080, 6910, 7060, 44778, 7060
20160603, 7020, 7050, 6900, 6960, 45169, 6960
20160602, 7080, 7080, 6970, 7020, 46720, 7020
20160601, 6980, 7080, 6980, 7030, 23227, 7030
20160531, 7010, 7070, 6900, 7040, 25467, 7040
20160530, 6970, 7160, 6940, 7030, 64138, 7030
20160527, 6940, 6990, 6800, 6950, 31936, 6950
20160526, 7080, 7080, 6890, 6940, 35546, 6940
20160525, 7000, 7100, 6900, 7010, 33015, 7010
20160524, 7110, 7150, 6940, 7000, 72333, 7000
20160523, 7100, 7180, 6990, 7180, 47309, 7180
20160520, 7090, 7190, 6950, 7090, 37882, 7090
20160519, 7270, 7380, 7000, 7140, 65382, 7140
20160518, 7550, 7590, 7280, 7290, 61155, 7290
20160517, 7660, 7730, 7310, 7590, 107811, 7590
20160516, 7500, 7740, 7500, 7690, 102209, 7690
20160513, 7630, 7790, 7580, 7680, 275293, 7680
20160512, 7190, 7590, 7180, 7580, 254560, 7580
20160511, 7090, 7230, 7090, 7180, 24065, 7180
20160510, 7060, 7180, 7050, 7130, 23373, 7130
20160509, 7220, 7220, 7020, 7140, 28452, 7140
20160504, 7300, 7300, 7120, 7220, 54954, 7220
20160503, 7350, 7350, 7200, 7320, 88760, 7320
20160502, 7170, 7400, 7140, 7340, 72742, 7340
20160429, 7270, 7280, 7100, 7200, 63947, 7200
20160428, 7130, 7270, 7100, 7270, 150601, 7270
20160427, 7120, 7130, 7030, 7040, 23780, 7040
20160426, 7160, 7160, 7050, 7090, 24715, 7090
20160425, 7120, 7160, 7030, 7120, 32382, 7120
20160422, 7060, 7110, 6990, 7110, 28568, 7110
20160421, 7130, 7170, 7020, 7060, 39573, 7060
20160420, 7080, 7200, 7060, 7110, 49189, 7110
20160419, 7090, 7100, 7050, 7100, 22012, 7100
20160418, 7050, 7090, 6990, 7070, 29597, 7070
20160415, 7160, 7220, 7050, 7100, 34208, 7100
20160414, 7240, 7250, 7050, 7160, 35040, 7160
20160412, 7130, 7230, 7080, 7200, 49012, 7200
20160411, 7100, 7180, 7000, 7180, 47579, 7180
20160408, 7070, 7100, 6900, 7100, 61543, 7100
20160407, 6800, 7100, 6780, 7070, 100647, 7070
20160406, 6720, 6790, 6660, 6770, 27578, 6770
20160405, 6710, 6770, 6680, 6720, 34455, 6720
20160404, 6710, 6790, 6670, 6750, 37219, 6750
20160401, 6900, 6900, 6740, 6790, 27657, 6790
20160331, 6890, 6910, 6830, 6860, 38122, 6860
20160330, 6800, 6900, 6800, 6850, 48113, 6850
20160329, 6690, 6890, 6600, 6800, 64176, 6800
20160328, 6790, 6810, 6570, 6770, 31588, 6770
20160325, 6850, 6850, 6690, 6790, 32618, 6790
20160324, 6700, 6810, 6700, 6800, 29661, 6800
20160323, 6820, 6830, 6760, 6760, 19995, 6760
20160322, 6830, 6880, 6740, 6820, 17487, 6820
20160321, 6760, 6930, 6760, 6830, 34470, 6830
20160318, 6980, 7000, 6700, 6800, 112531, 6800
20160317, 6960, 7080, 6830, 7010, 37470, 7010
20160316, 7010, 7090, 6850, 6960, 76484, 6960
20160315, 7070, 7140, 6920, 7020, 71013, 7020
20160314, 7120, 7190, 7020, 7120, 44863, 7120
20160311, 7090, 7180, 7070, 7120, 58833, 7120
20160310, 7010, 7070, 6950, 7070, 37542, 7070
20160309, 7000, 7050, 6990, 7050, 58757, 7050
20160308, 6990, 7090, 6960, 7050, 40941, 7050
20160307, 7060, 7100, 6950, 7030, 67107, 7030
20160304, 6920, 6960, 6840, 6940, 35022, 6940
20160303, 6910, 6990, 6820, 6920, 41109, 6920
20160302, 6610, 6880, 6610, 6870, 95543, 6870
20160229, 6500, 6630, 6450, 6630, 44725, 6630
20160226, 6450, 6620, 6450, 6460, 21751, 6460
20160225, 6530, 6530, 6410, 6500, 21802, 6500
20160224, 6540, 6540, 6400, 6500, 27434, 6500
20160223, 6530, 6550, 6440, 6520, 32942, 6520
20160222, 6500, 6560, 6430, 6500, 39710, 6500
20160219, 6310, 6490, 6240, 6480, 64208, 6480
20160218, 6250, 6340, 6170, 6310, 23913, 6310
20160217, 6230, 6400, 6090, 6140, 47690, 6140
20160216, 6120, 6240, 6110, 6180, 32323, 6180
20160215, 6080, 6170, 6000, 6130, 61767, 6130
20160212, 6170, 6190, 5720, 6060, 131935, 6060
20160211, 6500, 6510, 6220, 6290, 103031, 6290
20160205, 6640, 6790, 6620, 6620, 88014, 6620
20160204, 6970, 6970, 6720, 6720, 121548, 6720
20160203, 7050, 7050, 6710, 6900, 147232, 6900
20160202, 6610, 7460, 6610, 6920, 750585, 6920
20160201, 6640, 6640, 6390, 6550, 109600, 6550
20160129, 6540, 6560, 6400, 6560, 63372, 6560
20160128, 6460, 6510, 6350, 6510, 34509, 6510
20160127, 6440, 6490, 6270, 6430, 73447, 6430
20160126, 6350, 6430, 6300, 6360, 23262, 6360
20160125, 6390, 6440, 6300, 6430, 41451, 6430
20160122, 6440, 6530, 6260, 6430, 35319, 6430
20160121, 6290, 6470, 6120, 6440, 44353, 6440
20160120, 6700, 6700, 6220, 6340, 62791, 6340
20160119, 6830, 6830, 6590, 6610, 34096, 6610
20160118, 6530, 6720, 6530, 6720, 25711, 6720
20160115, 6710, 6890, 6590, 6700, 93712, 6700
20160114, 6600, 6690, 6510, 6670, 40799, 6670
20160113, 6780, 6900, 6640, 6710, 86555, 6710
20160112, 6850, 6850, 6630, 6770, 83293, 6770
20160111, 6670, 6940, 6600, 6680, 127623, 6680
20160108, 6500, 6630, 6400, 6600, 25812, 6600
20160107, 6560, 6710, 6440, 6590, 28890, 6590
20160106, 6700, 6770, 6540, 6550, 59015, 6550
20160105, 6660, 6750, 6590, 6750, 39644, 6750
20160104, 6650, 6800, 6590, 6750, 83052, 6750
20151230, 6480, 6690, 6450, 6640, 53786, 6640
20151229, 6270, 6450, 6220, 6450, 57531, 6450
20151228, 6280, 6360, 6210, 6210, 33140, 6210
20151224, 6420, 6430, 6200, 6280, 48371, 6280
20151223, 6200, 6340, 6190, 6340, 51896, 6340
20151222, 6250, 6370, 6160, 6190, 57145, 6190
20151221, 6250, 6300, 6170, 6190, 38613, 6190
20151218, 6180, 6250, 6050, 6240, 33920, 6240
20151217, 6110, 6190, 6020, 6120, 45865, 6120
20151216, 5960, 6150, 5920, 6070, 40983, 6070
20151215, 5990, 6080, 5830, 5910, 52760, 5910
20151214, 6210, 6220, 5960, 5990, 45381, 5990
20151211, 6460, 6460, 6240, 6310, 41979, 6310
20151210, 6550, 6610, 6300, 6390, 38730, 6390
20151209, 6470, 6600, 6310, 6550, 63310, 6550
20151208, 6700, 6700, 6500, 6550, 58045, 6550
20151207, 6640, 6730, 6590, 6680, 58176, 6680
20151204, 6500, 6610, 6410, 6590, 27081, 6590
20151203, 6490, 6550, 6450, 6510, 11146, 6510
20151202, 6500, 6570, 6410, 6500, 35564, 6500
20151201, 6440, 6600, 6440, 6500, 25678, 6500
20151130, 6540, 6600, 6420, 6420, 54320, 6420
20151127, 6680, 6680, 6510, 6530, 51104, 6530
20151126, 6630, 6750, 6550, 6610, 29938, 6610
20151125, 6680, 6680, 6560, 6640, 30110, 6640
20151124, 6600, 6680, 6500, 6680, 34561, 6680
20151123, 6730, 6830, 6570, 6600, 54784, 6600
20151120, 6710, 6840, 6610, 6790, 29528, 6790
20151119, 6670, 6730, 6600, 6700, 39569, 6700
20151118, 6520, 6790, 6520, 6650, 49738, 6650
20151117, 6430, 6610, 6370, 6580, 59223, 6580
20151116, 6240, 6370, 6190, 6320, 45660, 6320
20151113, 6510, 6620, 6370, 6450, 59449, 6450
20151112, 6670, 6760, 6620, 6630, 38579, 6630
20151111, 6650, 6760, 6510, 6660, 77351, 6660
20151110, 6770, 6780, 6500, 6600, 97814, 6600
20151109, 7200, 7200, 6900, 6900, 54129, 6900
20151106, 7560, 7560, 7030, 7200, 44369, 7200
20151105, 7430, 7460, 7280, 7460, 24530, 7460
20151104, 7470, 7480, 7350, 7390, 21060, 7390
20151103, 7320, 7470, 7270, 7380, 46602, 7380
20151102, 7330, 7430, 7250, 7300, 53567, 7300
20151030, 7490, 7590, 7280, 7330, 51409, 7330
20151029, 7600, 7670, 7450, 7550, 64109, 7550
20151028, 7600, 7690, 7480, 7600, 58159, 7600
20151027, 7710, 7790, 7480, 7670, 102047, 7670
20151026, 7640, 7850, 7620, 7700, 39998, 7700
20151023, 7740, 7740, 7550, 7640, 62399, 7640
20151022, 7790, 7890, 7610, 7650, 74041, 7650
20151021, 7990, 8060, 7830, 7900, 47750, 7900
20151020, 8000, 8070, 7900, 7980, 29768, 7980
20151019, 8060, 8140, 7960, 7980, 71522, 7980
20151016, 8270, 8350, 8030, 8140, 184037, 8140
20151015, 7700, 8010, 7700, 7980, 70761, 7980
20151014, 7890, 7950, 7660, 7740, 71056, 7740
20151013, 8100, 8100, 7820, 7910, 100473, 7910
20151012, 8400, 8700, 8010, 8100, 369684, 8100
20151008, 8300, 8420, 8260, 8280, 121217, 8280
20151007, 7970, 8350, 7970, 8250, 207434, 8250
20151006, 8080, 8120, 7920, 8020, 61131, 8020
20151005, 8000, 8070, 7900, 8020, 38296, 8020
20151002, 8000, 8150, 7870, 7950, 76290, 7950
20151001, 7620, 7990, 7520, 7930, 107996, 7930
20150930, 7650, 7700, 7510, 7580, 44686, 7580
20150925, 7950, 7990, 7650, 7750, 50233, 7750
20150924, 8060, 8060, 7830, 7950, 22958, 7950
20150923, 8130, 8130, 7920, 7980, 39452, 7980
20150922, 8000, 8270, 7890, 8140, 129940, 8140
20150921, 7850, 7900, 7720, 7860, 23233, 7860
20150918, 7820, 7970, 7770, 7900, 64632, 7900
20150917, 7930, 8020, 7640, 7720, 45210, 7720
20150916, 7720, 7980, 7710, 7920, 62246, 7920
20150915, 7670, 7750, 7620, 7680, 29940, 7680
20150914, 7740, 7810, 7560, 7670, 31032, 7670
20150911, 7700, 7780, 7550, 7770, 35302, 7770
20150910, 7490, 7700, 7360, 7700, 43754, 7700
20150909, 7460, 7530, 7330, 7490, 60823, 7490
20150908, 7650, 7700, 7200, 7310, 57895, 7310
20150907, 7610, 7730, 7520, 7650, 27455, 7650
20150904, 7890, 7940, 7520, 7700, 52597, 7700
20150903, 8010, 8090, 7790, 7830, 55744, 7830
20150902, 7770, 7950, 7720, 7950, 64134, 7950
20150901, 8000, 8170, 7910, 7950, 57286, 7950
20150831, 8050, 8120, 7950, 8090, 44455, 8090
20150828, 8120, 8170, 8050, 8120, 69599, 8120
20150827, 7970, 8050, 7800, 7980, 127425, 7980
20150826, 7340, 7850, 7340, 7850, 94214, 7850
20150825, 7250, 7450, 7090, 7450, 128829, 7450
20150824, 7020, 7510, 7020, 7190, 138699, 7190
20150821, 7440, 7450, 6850, 7300, 214634, 7300
20150820, 7640, 7830, 7510, 7690, 130807, 7690
20150819, 7610, 7870, 7240, 7740, 274640, 7740
20150818, 8410, 8580, 7760, 7870, 336986, 7870
20150817, 8870, 8940, 8480, 8590, 153501, 8590
20150813, 8780, 8970, 8450, 8950, 152939, 8950
20150812, 8920, 9170, 8350, 8780, 319046, 8780
20150811, 10050, 10150, 9050, 9050, 280548, 9050
20150810, 9890, 10550, 9820, 9870, 572153, 9870
20150807, 9310, 9990, 9310, 9890, 285252, 9890
20150806, 9800, 9840, 9330, 9490, 197830, 9490
20150805, 8770, 9740, 8740, 9660, 316656, 9660
20150804, 8620, 8830, 8620, 8790, 76685, 8790
20150803, 9070, 9190, 8650, 8680, 132175, 8680
20150731, 8700, 9100, 8560, 9070, 159852, 9070
20150730, 9310, 9450, 8690, 8790, 228626, 8790
20150729, 9320, 9780, 9310, 9310, 267453, 9310
20150728, 9210, 9550, 9000, 9290, 364214, 9290
20150727, 10100, 10100, 9350, 9350, 389495, 9350
20150724, 10600, 10600, 9940, 10200, 426359, 10200
20150723, 10750, 10800, 10300, 10550, 205973, 10550
20150722, 10600, 10950, 10350, 10600, 337597, 10600
20150721, 11250, 11250, 10350, 10650, 625540, 10650
20150720, 9850, 10650, 9730, 10650, 697908, 10650
20150717, 9800, 9930, 9500, 9720, 216208, 9720
20150716, 10100, 10300, 9750, 9750, 475180, 9750
20150715, 9340, 9810, 9220, 9800, 689012, 9800
20150714, 9040, 9310, 9010, 9260, 409333, 9260
20150713, 8550, 8920, 8450, 8820, 381022, 8820
20150710, 8300, 8510, 8220, 8380, 175060, 8380
20150709, 8110, 8540, 7950, 8300, 341915, 8300
20150708, 8490, 8550, 7940, 8200, 279626, 8200
20150707, 7890, 8800, 7880, 8290, 850169, 8290
20150706, 8090, 8170, 7750, 7840, 166686, 7840
20150703, 8350, 8380, 8190, 8200, 103263, 8200
20150702, 8140, 8360, 8010, 8350, 149134, 8350
20150701, 8150, 8250, 8040, 8070, 125304, 8070
20150630, 8070, 8150, 7770, 8150, 289468, 8150
20150629, 8350, 8370, 7970, 8080, 282601, 8080
20150626, 8860, 8930, 8540, 8600, 151701, 8600
20150625, 8720, 8970, 8660, 8860, 145056, 8860
20150624, 8820, 8870, 8640, 8800, 183725, 8800
20150623, 8340, 8820, 8330, 8760, 202980, 8760
20150622, 8360, 8380, 8210, 8340, 67270, 8340
20150619, 8290, 8520, 8160, 8300, 149620, 8300
20150618, 8470, 8540, 8250, 8260, 69441, 8260
20150617, 8400, 8500, 8170, 8470, 99916, 8470
20150616, 8140, 8360, 7970, 8360, 115224, 8360
20150615, 8350, 8520, 7970, 8110, 240597, 8110
20150612, 8850, 8990, 8250, 8540, 200238, 8540
20150611, 8730, 8880, 8540, 8780, 119429, 8780
20150610, 9000, 9010, 8640, 8680, 237281, 8680
20150609, 8290, 9000, 8230, 8940, 397355, 8940
20150608, 8450, 8520, 8190, 8290, 184908, 8290
20150605, 8360, 8530, 8250, 8490, 146060, 8490
20150604, 8500, 8650, 8310, 8450, 211205, 8450
20150603, 8490, 8750, 8260, 8360, 320014, 8360
20150602, 9010, 9060, 8440, 8480, 405176, 8480
20150601, 9340, 9340, 8890, 8990, 214333, 8990
20150529, 8990, 9200, 8920, 9190, 145572, 9190
20150528, 9020, 9340, 8930, 8980, 316086, 8980
20150527, 9210, 9350, 8930, 8930, 248338, 8930
20150526, 9290, 9410, 8980, 9220, 319037, 9220
20150522, 9300, 9490, 9050, 9260, 416631, 9260
20150521, 9700, 9710, 9180, 9250, 561765, 9250
20150520, 9620, 9780, 9470, 9700, 523570, 9700
20150519, 9750, 9930, 9200, 9620, 638015, 9620
20150518, 10500, 10700, 9610, 9700, 1105500, 9700
20150515, 11000, 11250, 10800, 10850, 244036, 10850
20150514, 11850, 11950, 10450, 11000, 759446, 11000
20150513, 11500, 12100, 11400, 11700, 362552, 11700
20150512, 11750, 11900, 10950, 11300, 446689, 11300
20150511, 12350, 12650, 11450, 11650, 856115, 11650
20150508, 11900, 13100, 11750, 12850, 637799, 12850
20150507, 12550, 12700, 11800, 11800, 463501, 11800
20150506, 12450, 12500, 11650, 12100, 407481, 12100
20150504, 12500, 12550, 11900, 12350, 281741, 12350
20150430, 12950, 13150, 12100, 12500, 852564, 12500
20150429, 12300, 13650, 12250, 13250, 2167323, 13250
20150428, 11800, 12350, 11500, 11900, 507447, 11900
20150427, 11650, 12200, 11300, 11850, 571941, 11850
20150424, 11050, 12150, 10950, 11700, 1701939, 11700
20150423, 10350, 10800, 9910, 10800, 891109, 10800
20150422, 10950, 11050, 9450, 10000, 1048663, 10000
20150421, 10850, 11200, 10650, 10950, 387426, 10950
20150420, 11150, 11150, 10350, 10850, 741340, 10850
20150417, 11500, 11700, 10900, 11150, 565839, 11150
20150416, 11650, 12800, 11300, 11500, 1113307, 11500
20150415, 11250, 12200, 10950, 11800, 954764, 11800
20150414, 11550, 12650, 10900, 10900, 1952997, 10900
20150413, 11350, 11750, 11150, 11150, 937114, 11150
20150410, 11650, 11650, 11050, 11150, 619711, 11150
20150409, 11800, 12050, 11150, 11400, 1040898, 11400
20150408, 10050, 11550, 9900, 11550, 1320562, 11550
20150407, 10100, 10400, 9800, 10050, 393646, 10050
20150406, 10300, 10500, 9940, 10200, 570690, 10200
20150403, 10100, 10350, 9860, 10250, 490305, 10250
20150402, 10150, 10650, 9760, 9850, 703486, 9850
20150401, 9800, 10500, 9040, 9880, 2091016, 9880
20150331, 8680, 9630, 8400, 9600, 2073179, 9600
20150330, 7440, 8490, 7380, 8490, 1101152, 8490
20150327, 7400, 7420, 7210, 7390, 116474, 7390
20150326, 7320, 7470, 7150, 7290, 119043, 7290
20150325, 7350, 7470, 7300, 7320, 76005, 7320
20150324, 7500, 7500, 7270, 7300, 118512, 7300
20150323, 7650, 7660, 7390, 7410, 121521, 7410
20150320, 7540, 7670, 7530, 7660, 116100, 7660
20150319, 7310, 7550, 7120, 7540, 174444, 7540
20150318, 7620, 7620, 7300, 7300, 128109, 7300
20150317, 7590, 7650, 7450, 7620, 105730, 7620
20150316, 7400, 7630, 7380, 7580, 155868, 7580
20150313, 7330, 7430, 7220, 7430, 103198, 7430
20150312, 7270, 7370, 7190, 7330, 61424, 7330
20150311, 7440, 7450, 7200, 7340, 109780, 7340
20150310, 7410, 7490, 7320, 7440, 64159, 7440
20150309, 7480, 7590, 7400, 7410, 60402, 7410
20150306, 7500, 7570, 7350, 7570, 92535, 7570
20150305, 7770, 7770, 7310, 7490, 185713, 7490
20150304, 7590, 7730, 7490, 7690, 106933, 7690
20150303, 7750, 7750, 7510, 7590, 157959, 7590
20150302, 7920, 8060, 7690, 7750, 194276, 7750
20150227, 7810, 8080, 7720, 7850, 251444, 7850
20150226, 7830, 7850, 7620, 7810, 182767, 7810
20150225, 7440, 7720, 7290, 7720, 232237, 7720
20150224, 7380, 7570, 7300, 7440, 136664, 7440
20150223, 7560, 7560, 7350, 7360, 139048, 7360
20150217, 7660, 7700, 7420, 7560, 112979, 7560
20150216, 7510, 7720, 7300, 7650, 138526, 7650
20150213, 7540, 7600, 7340, 7510, 130707, 7510
20150212, 7600, 7780, 7430, 7540, 120329, 7540
20150211, 7300, 7780, 7200, 7640, 327698, 7640
20150210, 7420, 7580, 7200, 7250, 156478, 7250
20150209, 7650, 7710, 7370, 7460, 116983, 7460
20150206, 7650, 7850, 7450, 7620, 257474, 7620
20150205, 7510, 7610, 7270, 7580, 218759, 7580
20150204, 7410, 7620, 7260, 7620, 334180, 7620
20150203, 7580, 7590, 7250, 7330, 341020, 7330
20150202, 7500, 8130, 7450, 7640, 1177366, 7640
20150130, 6750, 7580, 6700, 7380, 976719, 7380
20150129, 6520, 6830, 6500, 6700, 329728, 6700
20150128, 6360, 6560, 6320, 6500, 96912, 6500
20150127, 6440, 6530, 6340, 6420, 73946, 6420
20150126, 6560, 6650, 6440, 6440, 119037, 6440
20150123, 6590, 6620, 6500, 6550, 96525, 6550
20150122, 6600, 6720, 6520, 6580, 166016, 6580
20150121, 6510, 6650, 6460, 6520, 108990, 6520
20150120, 6770, 6790, 6470, 6470, 315691, 6470
20150119, 6380, 6500, 6240, 6500, 184382, 6500
20150116, 6370, 6430, 6310, 6330, 81613, 6330
20150115, 6540, 6600, 6340, 6400, 195462, 6400
20150114, 6780, 6800, 6560, 6570, 228148, 6570
20150113, 6550, 6880, 6430, 6800, 417897, 6800
20150112, 6420, 6580, 6340, 6520, 145616, 6520
20150109, 6350, 6440, 6300, 6350, 74647, 6350
20150108, 6350, 6430, 6300, 6350, 34383, 6350
20150107, 6400, 6400, 6300, 6380, 55457, 6380
20150106, 6310, 6480, 6220, 6310, 77920, 6310
20150105, 6340, 6380, 6220, 6310, 47689, 6310
20150102, 6400, 6450, 6280, 6340, 57142, 6340
20141230, 6230, 6390, 6150, 6390, 45833, 6390
20141229, 6280, 6540, 6220, 6240, 127380, 6240
20141226, 6480, 6500, 6260, 6260, 59393, 6260
20141224, 6700, 6700, 6450, 6500, 60632, 6500
20141223, 6400, 6690, 6400, 6650, 68135, 6650
20141222, 6450, 6570, 6350, 6390, 37391, 6390
20141219, 6530, 6570, 6430, 6450, 26860, 6450
20141218, 6600, 6600, 6330, 6500, 32561, 6500
20141217, 6450, 6550, 6290, 6550, 98788, 6550
20141216, 6670, 6770, 6400, 6460, 100132, 6460
20141215, 6700, 6730, 6570, 6700, 69384, 6700
20141212, 6850, 6950, 6650, 6730, 102842, 6730
20141211, 6740, 6980, 6680, 6880, 141595, 6880
20141210, 6880, 6990, 6700, 6810, 195157, 6810
20141209, 6570, 6880, 6500, 6860, 163167, 6860
20141208, 6720, 6850, 6600, 6630, 58191, 6630
20141205, 6770, 6870, 6580, 6720, 84908, 6720
20141204, 6870, 6980, 6750, 6800, 98251, 6800
20141203, 6730, 7040, 6650, 6870, 151282, 6870
20141202, 6400, 6740, 6330, 6730, 499313, 6730
20141201, 6900, 6900, 6520, 6830, 104061, 6830
20141128, 6930, 6970, 6710, 6900, 116237, 6900
20141127, 6820, 6930, 6670, 6870, 141930, 6870
20141126, 6620, 6920, 6460, 6810, 254017, 6810
20141125, 6150, 6560, 6110, 6510, 213336, 6510
20141124, 6210, 6210, 5920, 6210, 109368, 6210
20141121, 6100, 6200, 6010, 6140, 45169, 6140
20141120, 6190, 6240, 6060, 6060, 74737, 6060
20141119, 6430, 6430, 6130, 6190, 100550, 6190
20141118, 6270, 6480, 6270, 6370, 154274, 6370
20141117, 6270, 6310, 6110, 6250, 91165, 6250
20141114, 6260, 6300, 6120, 6180, 111164, 6180
20141113, 5860, 6360, 5830, 6330, 312006, 6330
20141112, 6060, 6270, 5810, 5860, 496599, 5860
20141111, 6150, 6150, 5930, 6000, 88686, 6000
20141110, 6000, 6160, 5910, 6130, 80210, 6130
20141107, 5770, 6000, 5750, 6000, 42789, 6000
20141106, 5970, 6090, 5690, 5810, 121406, 5810
20141105, 6030, 6240, 5920, 5960, 99851, 5960
20141104, 6190, 6270, 5900, 5970, 123341, 5970
20141103, 6200, 6320, 6080, 6190, 77937, 6190
20141031, 6420, 6420, 6140, 6230, 136434, 6230
20141030, 6520, 6530, 6200, 6410, 199152, 6410
20141029, 6970, 7070, 6440, 6460, 422105, 6460
20141028, 7150, 7190, 6900, 7020, 152786, 7020
20141027, 7350, 7390, 7140, 7220, 146224, 7220
20141024, 7450, 7610, 7150, 7450, 363515, 7450
20141023, 7120, 7630, 7010, 7450, 501952, 7450
20141022, 7150, 7250, 6960, 7150, 273523, 7150
20141021, 6780, 7150, 6650, 7090, 316408, 7090
20141020, 6790, 6820, 6660, 6720, 154498, 6720
20141017, 7050, 7110, 6700, 6710, 238635, 6710
20141016, 6950, 7100, 6690, 6950, 277391, 6950
20141015, 6860, 6980, 6740, 6950, 252639, 6950
20141014, 6560, 7230, 6520, 6870, 973086, 6870
20141013, 6450, 6620, 6260, 6470, 248301, 6470
20141010, 6580, 6600, 6350, 6480, 203946, 6480
20141008, 6570, 6740, 6520, 6590, 203579, 6590
20141007, 6490, 6690, 6350, 6600, 398566, 6600
20141006, 6520, 6520, 6230, 6400, 361523, 6400
20141002, 6760, 6890, 6410, 6520, 343328, 6520
20141001, 6700, 6870, 6620, 6780, 286032, 6780
20140930, 6720, 6990, 6410, 6800, 466434, 6800
20140929, 6610, 6800, 6420, 6560, 438045, 6560
20140926, 6200, 6900, 6090, 6540, 807104, 6540
20140925, 6400, 6470, 6260, 6290, 345085, 6290
20140924, 6270, 6380, 6150, 6330, 468258, 6330
20140923, 6730, 6730, 6060, 6200, 2574896, 6200
20140922, 5810, 5970, 5700, 5860, 340245, 5860
20140919, 5520, 6190, 5500, 5750, 2556222, 5750
20140918, 5200, 5430, 5190, 5390, 199798, 5390
20140917, 5160, 5180, 5120, 5160, 23772, 5160
20140916, 5150, 5190, 5110, 5160, 29893, 5160
20140915, 5080, 5180, 5050, 5150, 38535, 5150
20140912, 5100, 5160, 5060, 5080, 42387, 5080
20140911, 5160, 5170, 5090, 5140, 29233, 5140
20140905, 5160, 5200, 5100, 5120, 27722, 5120
20140904, 5050, 5140, 4990, 5120, 53272, 5120
20140903, 5100, 5100, 5000, 5050, 49820, 5050
20140902, 5060, 5100, 5010, 5100, 28016, 5100
20140901, 5130, 5190, 5080, 5080, 29269, 5080
20140829, 5200, 5200, 5100, 5180, 36816, 5180
20140828, 5290, 5300, 5200, 5220, 30310, 5220
20140827, 5120, 5240, 5100, 5200, 50283, 5200
20140826, 5080, 5170, 4995, 5120, 78468, 5120
20140825, 5030, 5110, 4950, 5100, 90559, 5100
20140822, 5200, 5250, 5060, 5070, 76496, 5070
20140821, 5260, 5290, 5140, 5210, 57724, 5210
20140820, 5190, 5260, 5130, 5240, 99849, 5240
20140819, 5330, 5400, 5170, 5200, 87299, 5200
20140818, 5460, 5540, 5320, 5320, 75436, 5320
20140814, 5650, 5700, 5460, 5520, 67541, 5520
20140813, 5520, 5660, 5460, 5650, 77842, 5650
20140812, 5310, 5580, 5260, 5520, 162411, 5520
20140811, 5250, 5340, 5170, 5310, 68876, 5310
20140808, 5250, 5270, 5110, 5250, 55177, 5250
20140807, 5390, 5400, 5210, 5290, 77676, 5290
20140806, 5180, 5400, 5110, 5390, 126467, 5390
20140805, 5140, 5210, 5090, 5180, 44341, 5180
20140804, 4990, 5140, 4990, 5110, 52160, 5110
20140801, 5010, 5040, 4905, 5040, 52919, 5040
20140731, 4990, 5060, 4820, 5010, 84109, 5010
20140730, 5120, 5230, 4955, 4990, 114866, 4990
20140729, 5090, 5180, 5010, 5130, 93459, 5130
20140728, 5300, 5370, 5110, 5120, 73588, 5120
20140725, 5430, 5520, 5260, 5300, 111203, 5300
20140724, 5550, 5620, 5420, 5480, 99568, 5480
20140723, 5450, 5520, 5450, 5500, 36632, 5500
20140722, 5430, 5540, 5420, 5510, 65204, 5510
20140721, 5460, 5480, 5390, 5480, 85630, 5480
20140718, 5350, 5560, 5320, 5460, 120578, 5460
20140717, 5340, 5400, 5290, 5330, 34098, 5330
20140716, 5320, 5390, 5260, 5340, 29458, 5340
20140715, 5320, 5460, 5310, 5350, 98991, 5350
20140714, 5510, 5590, 5160, 5310, 208851, 5310
20140711, 5620, 5680, 5520, 5560, 96960, 5560
20140710, 5840, 5860, 5600, 5680, 84966, 5680
20140709, 5790, 5860, 5680, 5790, 42812, 5790
20140708, 6010, 6010, 5670, 5790, 137487, 5790
20140707, 6150, 6150, 5980, 6000, 43299, 6000
20140704, 6030, 6150, 5910, 6050, 121943, 6050
20140703, 5970, 6010, 5880, 5980, 120652, 5980
20140702, 5790, 5930, 5650, 5900, 132577, 5900
20140701, 5670, 5760, 5610, 5750, 40369, 5750
20140630, 5670, 5700, 5600, 5670, 30489, 5670
20140627, 5730, 5770, 5570, 5670, 39611, 5670
20140626, 5740, 5790, 5680, 5730, 46741, 5730
20140625, 5750, 5770, 5630, 5700, 38858, 5700
20140624, 5650, 5800, 5580, 5690, 61413, 5690
20140623, 5520, 5830, 5500, 5680, 101976, 5680
20140620, 5910, 5910, 5580, 5580, 168696, 5580
20140619, 6000, 6010, 5890, 5890, 46439, 5890
20140618, 5910, 5990, 5870, 5950, 105247, 5950
20140617, 6090, 6150, 5920, 5940, 130623, 5940
20140616, 6230, 6350, 6070, 6090, 79901, 6090
20140613, 6050, 6290, 6050, 6260, 109250, 6260
20140612, 5970, 6180, 5970, 6130, 81833, 6130
20140611, 6120, 6200, 6000, 6010, 130178, 6010
20140610, 6200, 6300, 5920, 6010, 224136, 6010
20140609, 6490, 6600, 6250, 6250, 121561, 6250
20140605, 6300, 6860, 6210, 6440, 628380, 6440
20140603, 6200, 6390, 6080, 6370, 233408, 6370
20140602, 5800, 6340, 5800, 6150, 386571, 6150
20140530, 6000, 6080, 5620, 5800, 384122, 5800
20140529, 6190, 6240, 6010, 6030, 91041, 6030
20140528, 6100, 6140, 6020, 6140, 84666, 6140
20140527, 6030, 6190, 5980, 6040, 116017, 6040
20140526, 6260, 6330, 6030, 6030, 127467, 6030
20140523, 6310, 6470, 6230, 6260, 144582, 6260
20140522, 6410, 6580, 6270, 6330, 130976, 6330
20140521, 6290, 6360, 6140, 6360, 125163, 6360
20140520, 6290, 6500, 6270, 6320, 129172, 6320
20140519, 6540, 6570, 6250, 6290, 208457, 6290
20140516, 6630, 6660, 6490, 6540, 167084, 6540
20140515, 6930, 6950, 6650, 6690, 301855, 6690
20140514, 6780, 6800, 6580, 6690, 220941, 6690
20140513, 6310, 6780, 6270, 6710, 498177, 6710
20140512, 6100, 6290, 6050, 6290, 223046, 6290
20140509, 6050, 6160, 5890, 6000, 261090, 6000
20140508, 6290, 6290, 5950, 6050, 184290, 6050
20140507, 6160, 6300, 6080, 6200, 159458, 6200
20140502, 6090, 6170, 6010, 6110, 65160, 6110
20140430, 6080, 6170, 6050, 6100, 91198, 6100
20140429, 6390, 6390, 6060, 6070, 118212, 6070
20140428, 6210, 6340, 6170, 6290, 215165, 6290
20140425, 6250, 6260, 6120, 6150, 193510, 6150
20140424, 6110, 6230, 5980, 6230, 127792, 6230
20140423, 6000, 6210, 5980, 6110, 279443, 6110
20140422, 5980, 6030, 5920, 6000, 97700, 6000
20140421, 6010, 6060, 5900, 5970, 118934, 5970
20140418, 6040, 6090, 5950, 6000, 132784, 6000
20140417, 6070, 6070, 5890, 6010, 271116, 6010
20140416, 6200, 6200, 5990, 6020, 160241, 6020
20140415, 5930, 6180, 5890, 6130, 406881, 6130
20140414, 5930, 6030, 5830, 5920, 245648, 5920
20140411, 5610, 6100, 5600, 5970, 641482, 5970
20140410, 5460, 5730, 5450, 5720, 271462, 5720
20140409, 5600, 5790, 5430, 5470, 504169, 5470
20140408, 5070, 5490, 5030, 5490, 473875, 5490
20140407, 4990, 5080, 4970, 5080, 73702, 5080
20140404, 5100, 5110, 4995, 5040, 103860, 5040
20140403, 4960, 5100, 4955, 5090, 162737, 5090
20140402, 4985, 5020, 4940, 4960, 50865, 4960
20140401, 4980, 5020, 4935, 4985, 37903, 4985
20140331, 4900, 5060, 4900, 5000, 199181, 5000
20140328, 4730, 4920, 4715, 4905, 72775, 4905
20140327, 4710, 4720, 4670, 4715, 16622, 4715
20140326, 4705, 4750, 4660, 4700, 32220, 4700
20140325, 4700, 4730, 4650, 4670, 26854, 4670
20140324, 4700, 4725, 4650, 4710, 21710, 4710
20140321, 4725, 4725, 4660, 4700, 16322, 4700
20140320, 4735, 4735, 4665, 4700, 24545, 4700
20140319, 4740, 4760, 4690, 4740, 24748, 4740
20140318, 4715, 4785, 4715, 4740, 35796, 4740
20140317, 4700, 4730, 4675, 4715, 19282, 4715
20140314, 4650, 4720, 4650, 4700, 29196, 4700
20140313, 4695, 4715, 4620, 4700, 92788, 4700
20140312, 4840, 4850, 4695, 4710, 111663, 4710
20140311, 4850, 4890, 4820, 4835, 63490, 4835
20140310, 4895, 4895, 4850, 4850, 42142, 4850
20140307, 4975, 4980, 4860, 4895, 72512, 4895
20140306, 4950, 4995, 4880, 4995, 51492, 4995
20140305, 4960, 5040, 4925, 4950, 57836, 4950
20140304, 5060, 5070, 4935, 4970, 54670, 4970
20140303, 5050, 5180, 4990, 5080, 127155, 5080
20140228, 4810, 5120, 4810, 5100, 168654, 5100
20140227, 4830, 4855, 4780, 4830, 18342, 4830
20140226, 4820, 4850, 4770, 4830, 104151, 4830
20140225, 4885, 4885, 4795, 4865, 61651, 4865
20140224, 4880, 4880, 4830, 4880, 13890, 4880
20140221, 4850, 4890, 4770, 4875, 79040, 4875
20140220, 4875, 4895, 4800, 4805, 60895, 4805
20140219, 4940, 4980, 4890, 4930, 16862, 4930
20140218, 4990, 5030, 4945, 4950, 39900, 4950
20140217, 5110, 5110, 4990, 5030, 52121, 5030
20140214, 5120, 5120, 5040, 5090, 20710, 5090
20140213, 5140, 5140, 5070, 5100, 25350, 5100
20140212, 5060, 5130, 5020, 5100, 44281, 5100
20140211, 5000, 5060, 4985, 5020, 32605, 5020
20140210, 5040, 5100, 5000, 5060, 33070, 5060
20140207, 4865, 5040, 4865, 5030, 46963, 5030
20140206, 5060, 5070, 4865, 4880, 109348, 4880
20140205, 5090, 5180, 5000, 5030, 119001, 5030
20140204, 4900, 5050, 4900, 5040, 74441, 5040
20140203, 5050, 5050, 4960, 5010, 29322, 5010
20140129, 4910, 5110, 4870, 5000, 94310, 5000
20140128, 4835, 4910, 4800, 4910, 32536, 4910
20140127, 4860, 4950, 4690, 4880, 92794, 4880
20140124, 4830, 4840, 4765, 4810, 27514, 4810
20140123, 4755, 4835, 4720, 4830, 27963, 4830
20140122, 4910, 4935, 4750, 4780, 87191, 4780
20140121, 4925, 4930, 4790, 4880, 203737, 4880
20140120, 5080, 5310, 4980, 4980, 504980, 4980
20140117, 5020, 5090, 4900, 5010, 62346, 5010
20140116, 4920, 4970, 4850, 4930, 24981, 4930
20140115, 4910, 4960, 4855, 4900, 13852, 4900
20140114, 4835, 4935, 4810, 4935, 17411, 4935
20140113, 4855, 4895, 4835, 4860, 19231, 4860
20140110, 4900, 4940, 4810, 4910, 34252, 4910
20140109, 4960, 4970, 4885, 4950, 39781, 4950
20140108, 4850, 4970, 4850, 4945, 70999, 4945
20140107, 4700, 4900, 4700, 4810, 69926, 4810
20140106, 4560, 4720, 4555, 4650, 33013, 4650
20140103, 4510, 4580, 4510, 4565, 15502, 4565
20140102, 4550, 4585, 4525, 4575, 15387, 4575
20131230, 4570, 4630, 4500, 4575, 24240, 4575
20131227, 4600, 4620, 4555, 4570, 11307, 4570
20131226, 4530, 4620, 4530, 4610, 17122, 4610
20131224, 4610, 4645, 4500, 4530, 46975, 4530
20131223, 4760, 4760, 4580, 4590, 30331, 4590
20131220, 4755, 4790, 4700, 4700, 20135, 4700
20131219, 4785, 4890, 4760, 4760, 18838, 4760
20131218, 4850, 4850, 4730, 4785, 5157, 4785
20131217, 4885, 4885, 4760, 4765, 14204, 4765
20131216, 4700, 4970, 4680, 4820, 52262, 4820
20131213, 4575, 4690, 4570, 4680, 16563, 4680
20131212, 4670, 4670, 4530, 4575, 14217, 4575
20131211, 4725, 4775, 4610, 4610, 40709, 4610
20131210, 4810, 4830, 4700, 4730, 20512, 4730
20131209, 4980, 4980, 4750, 4800, 25524, 4800
20131206, 4795, 4965, 4790, 4945, 40891, 4945
20131205, 4845, 4845, 4725, 4795, 20691, 4795
20131204, 4660, 4790, 4620, 4790, 17831, 4790
20131203, 4710, 4800, 4650, 4710, 19601, 4710
20131202, 4685, 4810, 4660, 4810, 36080, 4810
20131129, 4660, 4805, 4610, 4715, 28958, 4715
20131128, 4690, 4690, 4600, 4610, 37084, 4610
20131127, 4830, 4830, 4660, 4690, 35851, 4690
20131126, 4855, 4855, 4755, 4780, 15572, 4780
20131125, 4750, 4850, 4685, 4840, 38168, 4840
20131122, 4610, 4745, 4530, 4720, 20835, 4720
20131121, 4560, 4655, 4510, 4610, 44239, 4610
20131120, 4470, 4535, 4365, 4525, 35770, 4525
20131119, 4380, 4430, 4380, 4395, 16503, 4395
20131118, 4325, 4450, 4325, 4410, 24727, 4410
20131115, 4415, 4475, 4365, 4385, 38131, 4385
20131114, 4400, 4450, 4390, 4440, 7590, 4440
20131113, 4475, 4525, 4400, 4400, 37989, 4400
20131112, 4470, 4540, 4460, 4500, 19450, 4500
20131111, 4700, 4735, 4460, 4470, 84891, 4470
20131108, 4850, 4885, 4685, 4700, 64353, 4700
20131107, 4885, 4975, 4860, 4890, 30151, 4890
20131106, 4880, 4960, 4850, 4920, 37632, 4920
20131105, 4995, 4995, 4835, 4890, 51741, 4890
20131104, 4910, 4995, 4870, 4950, 92771, 4950
20131101, 4810, 4985, 4690, 4875, 147834, 4875
20131031, 4500, 4785, 4450, 4765, 204988, 4765
20131030, 4520, 4520, 4460, 4475, 58649, 4475
20131029, 4600, 4625, 4485, 4510, 38600, 4510
20131028, 4595, 4635, 4585, 4585, 11761, 4585
20131025, 4640, 4640, 4575, 4595, 29216, 4595
20131024, 4680, 4680, 4635, 4640, 9940, 4640
20131023, 4660, 4710, 4600, 4680, 33403, 4680
20131022, 4655, 4740, 4635, 4660, 36561, 4660
20131021, 4545, 4715, 4540, 4710, 59492, 4710
20131018, 4505, 4535, 4485, 4515, 13960, 4515
20131017, 4560, 4570, 4490, 4495, 49961, 4495
20131016, 4515, 4570, 4490, 4495, 35909, 4495
20131015, 4515, 4565, 4480, 4540, 40300, 4540
20131014, 4600, 4655, 4505, 4505, 107803, 4505
20131011, 4670, 4705, 4630, 4645, 69446, 4645
20131010, 4730, 4740, 4655, 4655, 65006, 4655
20131008, 4780, 4785, 4745, 4745, 41485, 4745
20131007, 4915, 4915, 4790, 4795, 68044, 4795
20131004, 4960, 4960, 4850, 4865, 20415, 4865
20131002, 4925, 4980, 4895, 4920, 28243, 4920
20131001, 5010, 5020, 4920, 4920, 34970, 4920
20130930, 5050, 5060, 4975, 4985, 29010, 4985
20130927, 5010, 5080, 5000, 5050, 40868, 5050
20130926, 4930, 5000, 4900, 4990, 16223, 4990
20130925, 4990, 5040, 4950, 4950, 58310, 4950
20130924, 5040, 5060, 5000, 5020, 33363, 5020
20130923, 5040, 5080, 5000, 5040, 23080, 5040
20130917, 4990, 5050, 4990, 5040, 14773, 5040
20130916, 5090, 5090, 4970, 5030, 27753, 5030
20130913, 5090, 5110, 5000, 5080, 18762, 5080
20130912, 4970, 5100, 4930, 5070, 57515, 5070
20130911, 4935, 4980, 4800, 4975, 95725, 4975
20130910, 5030, 5050, 4920, 4920, 119421, 4920
20130909, 5110, 5130, 5000, 5000, 112374, 5000
20130906, 5270, 5330, 5050, 5110, 92680, 5110
20130905, 5320, 5350, 5270, 5300, 23748, 5300
20130904, 5280, 5310, 5230, 5250, 17770, 5250
20130903, 5140, 5300, 5140, 5270, 21694, 5270
20130902, 5140, 5190, 5060, 5190, 20941, 5190
20130830, 5120, 5200, 5100, 5140, 41159, 5140
20130829, 5110, 5250, 5100, 5150, 36554, 5150
20130828, 5170, 5200, 5090, 5110, 84819, 5110
20130827, 5310, 5370, 5250, 5250, 65817, 5250
20130826, 5320, 5400, 5300, 5380, 20487, 5380
20130823, 5320, 5370, 5270, 5300, 96423, 5300
20130822, 5500, 5540, 5260, 5280, 126850, 5280
20130821, 5760, 5780, 5490, 5510, 158298, 5510
20130820, 5810, 5900, 5730, 5760, 77421, 5760
20130819, 5910, 5910, 5800, 5810, 75451, 5810
20130816, 6000, 6020, 5850, 5910, 75021, 5910
20130814, 5910, 6070, 5840, 6050, 72811, 6050
20130813, 5900, 5930, 5850, 5910, 20596, 5910
20130812, 5810, 5900, 5800, 5900, 30050, 5900
20130809, 5860, 5880, 5780, 5800, 27535, 5800
20130808, 5820, 5850, 5780, 5850, 28653, 5850
20130807, 5850, 5910, 5800, 5830, 34282, 5830
20130806, 5910, 5940, 5860, 5890, 41430, 5890
20130805, 5970, 6000, 5900, 5930, 48148, 5930
20130802, 5830, 5950, 5810, 5950, 51408, 5950
20130801, 5800, 5840, 5750, 5800, 32142, 5800
20130731, 5850, 5900, 5780, 5790, 55660, 5790
20130730, 5900, 5900, 5780, 5800, 68258, 5800
20130729, 6050, 6050, 5850, 5860, 77910, 5860
20130726, 6030, 6060, 5950, 6010, 36965, 6010
20130725, 6010, 6080, 5990, 6030, 41089, 6030
20130724, 6080, 6080, 5950, 5980, 27344, 5980
20130723, 6080, 6100, 5970, 5990, 63218, 5990
20130722, 6200, 6200, 6080, 6140, 30860, 6140
20130719, 5970, 6190, 5970, 6140, 139713, 6140
20130718, 5930, 6030, 5930, 5960, 36544, 5960
20130717, 5970, 5990, 5880, 5930, 19138, 5930
20130716, 5950, 5990, 5910, 5980, 27610, 5980
20130715, 6030, 6030, 5930, 5940, 32203, 5940
20130712, 5900, 6030, 5870, 6000, 61720, 6000
20130711, 5780, 6000, 5760, 5900, 41068, 5900
20130710, 5810, 5920, 5780, 5780, 21550, 5780
20130709, 5830, 5850, 5750, 5810, 33605, 5810
20130708, 5940, 5940, 5730, 5830, 39522, 5830
20130705, 5650, 5970, 5600, 5850, 101689, 5850
20130704, 5600, 5640, 5550, 5620, 24700, 5620
20130703, 5680, 5710, 5550, 5610, 32968, 5610
20130702, 5700, 5770, 5650, 5690, 22935, 5690
20130701, 5710, 5720, 5650, 5700, 23224, 5700
20130628, 5690, 5770, 5610, 5710, 28470, 5710
20130627, 5550, 5690, 5550, 5640, 39471, 5640
20130626, 5600, 5640, 5460, 5520, 48051, 5520
20130625, 5730, 5830, 5440, 5520, 105605, 5520
20130624, 5840, 5980, 5790, 5810, 20230, 5810
20130621, 5810, 5890, 5730, 5870, 41173, 5870
20130620, 6050, 6050, 5890, 5930, 52809, 5930
20130619, 6010, 6070, 5970, 6040, 29967, 6040
20130618, 5800, 6000, 5750, 5980, 62263, 5980
20130617, 5820, 5890, 5760, 5820, 39576, 5820
20130614, 5890, 5990, 5820, 5820, 32360, 5820
20130613, 5950, 6000, 5880, 5880, 36862, 5880
20130612, 6000, 6070, 5940, 6000, 33651, 6000
20130611, 5960, 6030, 5930, 6000, 36339, 6000
20130610, 5890, 6080, 5830, 6020, 64684, 6020
20130607, 5880, 5930, 5760, 5830, 76365, 5830
20130605, 5990, 6040, 5880, 5880, 81817, 5880
20130604, 5980, 6060, 5950, 6000, 103387, 6000
20130603, 6080, 6090, 5980, 6020, 68419, 6020
20130531, 6300, 6340, 6070, 6100, 80210, 6100
20130530, 6140, 6300, 6100, 6300, 86101, 6300
20130529, 6110, 6200, 6100, 6150, 96390, 6150
20130528, 6130, 6220, 6070, 6130, 52972, 6130
20130527, 6200, 6260, 6040, 6120, 121020, 6120
20130524, 6350, 6380, 6200, 6210, 110928, 6210
20130523, 6410, 6430, 6300, 6350, 93582, 6350
20130522, 6360, 6440, 6340, 6400, 73715, 6400
20130521, 6360, 6380, 6280, 6360, 59481, 6360
20130520, 6320, 6450, 6300, 6350, 103655, 6350
20130516, 6350, 6460, 6230, 6300, 161796, 6300
20130515, 6500, 6540, 6280, 6300, 146609, 6300
20130514, 6360, 6550, 6360, 6410, 184232, 6410
20130513, 6640, 6640, 6350, 6380, 237665, 6380
20130510, 7000, 7000, 6640, 6640, 300111, 6640
20130509, 7280, 7280, 6900, 6990, 431088, 6990
20130508, 7160, 7300, 7070, 7280, 261497, 7280
20130507, 6640, 7210, 6640, 7210, 575632, 7210
20130506, 6650, 6670, 6580, 6630, 75451, 6630
20130503, 6560, 6640, 6490, 6630, 70270, 6630
20130502, 6600, 6660, 6460, 6600, 97044, 6600
20130430, 6760, 6760, 6510, 6660, 168370, 6660
20130429, 6720, 6750, 6640, 6720, 104130, 6720
20130426, 6660, 6760, 6500, 6720, 305571, 6720
20130425, 6600, 6680, 6520, 6650, 179382, 6650
20130424, 6450, 6600, 6380, 6600, 191364, 6600
20130423, 6250, 6440, 6190, 6440, 158645, 6440
20130422, 6300, 6320, 6180, 6250, 72572, 6250
20130419, 6350, 6450, 6250, 6320, 140882, 6320
20130418, 6270, 6480, 6250, 6340, 199627, 6340
20130417, 5950, 6360, 5910, 6300, 284329, 6300
20130416, 5990, 6020, 5900, 5940, 66618, 5940
20130415, 5910, 6060, 5820, 6010, 101050, 6010
20130412, 5860, 5930, 5810, 5830, 80940, 5830
20130411, 5760, 5890, 5740, 5860, 80049, 5860
20130410, 5810, 5810, 5680, 5740, 93925, 5740
20130409, 5950, 6000, 5680, 5800, 147371, 5800
20130408, 5950, 6080, 5900, 5940, 228250, 5940
20130405, 6150, 6150, 5920, 5930, 161245, 5930
20130404, 6280, 6300, 6000, 6100, 133886, 6100
20130403, 6320, 6370, 6250, 6270, 78082, 6270
20130402, 6320, 6390, 6260, 6280, 96718, 6280
20130401, 6300, 6300, 6230, 6290, 75124, 6290
20130329, 6320, 6380, 6270, 6280, 42266, 6280
20130328, 6200, 6340, 6190, 6270, 60824, 6270
20130327, 6220, 6250, 6130, 6200, 115688, 6200
20130326, 6350, 6410, 6140, 6210, 201452, 6210
20130325, 6640, 6640, 6370, 6400, 182106, 6400
20130322, 6530, 6640, 6430, 6560, 68170, 6560
20130321, 6330, 6630, 6270, 6560, 145440, 6560
20130320, 6310, 6370, 6230, 6290, 51300, 6290
20130319, 6290, 6350, 6250, 6310, 42134, 6310
20130318, 6510, 6520, 6340, 6350, 71657, 6350
20130315, 6410, 6520, 6380, 6490, 110785, 6490
20130314, 6370, 6420, 6340, 6400, 56781, 6400
20130313, 6450, 6470, 6310, 6400, 72856, 6400
20130312, 6200, 6400, 6190, 6400, 114251, 6400
20130311, 6100, 6200, 6010, 6180, 85311, 6180
20130308, 6260, 6290, 6110, 6110, 200423, 6110
20130307, 6450, 6470, 6230, 6260, 272240, 6260
20130306, 6690, 6770, 6490, 6500, 132606, 6500
20130305, 6490, 6680, 6480, 6630, 104110, 6630
20130304, 6560, 6580, 6430, 6490, 58253, 6490
20130228, 6340, 6560, 6310, 6530, 196762, 6530
20130227, 6240, 6370, 6190, 6290, 146031, 6290
20130226, 6350, 6350, 6270, 6300, 77487, 6300
20130225, 6390, 6470, 6270, 6370, 119787, 6370
20130222, 6340, 6530, 6320, 6370, 171140, 6370
20130221, 6840, 6870, 6330, 6350, 329250, 6350
20130220, 6920, 6980, 6800, 6830, 127663, 6830
20130219, 7010, 7050, 6860, 6950, 73189, 6950
20130218, 7040, 7140, 7010, 7050, 31182, 7050
20130215, 7030, 7270, 7030, 7080, 58413, 7080
20130214, 6970, 7060, 6820, 7060, 68690, 7060
20130213, 6900, 6970, 6870, 6950, 40819, 6950
20130212, 7000, 7010, 6860, 6950, 30359, 6950
20130208, 6710, 6950, 6710, 6950, 55138, 6950
20130207, 6660, 6910, 6590, 6720, 61059, 6720
20130206, 6870, 6930, 6650, 6660, 127473, 6660
20130205, 7000, 7000, 6810, 6850, 148707, 6850
20130204, 7430, 7430, 7140, 7170, 87125, 7170
20130201, 7300, 7440, 7250, 7370, 68304, 7370
20130131, 7620, 7620, 7260, 7360, 74574, 7360
20130130, 7680, 7730, 7500, 7510, 63610, 7510
20130129, 7500, 7710, 7450, 7670, 72840, 7670
20130128, 7390, 7590, 7280, 7510, 61549, 7510
20130125, 7600, 7630, 7300, 7450, 101446, 7450
20130124, 7780, 7820, 7500, 7560, 157618, 7560
20130123, 7930, 7960, 7800, 7850, 86328, 7850
20130122, 7800, 8030, 7630, 7940, 188266, 7940
20130121, 7780, 7930, 7560, 7800, 270122, 7800
20130118, 7320, 7760, 7240, 7760, 355338, 7760
20130117, 7280, 7570, 7110, 7240, 469646, 7240
20130116, 7220, 7270, 6910, 6990, 256956, 6990
20130115, 7450, 7460, 7180, 7220, 191262, 7220
20130114, 7110, 7500, 7110, 7470, 320672, 7470
20130111, 7160, 7190, 7000, 7010, 137802, 7010
20130110, 7140, 7140, 6960, 7090, 145181, 7090
20130109, 7210, 7260, 7020, 7100, 188447, 7100
20130108, 7170, 7270, 7040, 7190, 213875, 7190
20130107, 6820, 7200, 6760, 7170, 384580, 7170
20130104, 6780, 6900, 6700, 6760, 144955, 6760
20130103, 6450, 6770, 6380, 6750, 351066, 6750
20130102, 6170, 6390, 6150, 6360, 123868, 6360
20121228, 6090, 6140, 6070, 6130, 61690, 6130
20121227, 6180, 6290, 6080, 6090, 199438, 6090
20121226, 6240, 6290, 6110, 6170, 300277, 6170
20121224, 5870, 5920, 5840, 5860, 55114, 5860
20121221, 5930, 5950, 5810, 5870, 76296, 5870
20121220, 6020, 6070, 5860, 5900, 133540, 5900
20121218, 6080, 6080, 5990, 6010, 66168, 6010
20121217, 6100, 6110, 6030, 6050, 64026, 6050
20121214, 6110, 6220, 6020, 6080, 98120, 6080
20121213, 6030, 6120, 6020, 6090, 59879, 6090
20121212, 6100, 6100, 5970, 6030, 78241, 6030
20121211, 6060, 6100, 5960, 6030, 101297, 6030
20121210, 6240, 6270, 6020, 6040, 124604, 6040
20121207, 6400, 6400, 6000, 6260, 133665, 6260
20121206, 6300, 6380, 6260, 6320, 32399, 6320
20121205, 6460, 6480, 6270, 6300, 70481, 6300
20121204, 6450, 6500, 6270, 6400, 101456, 6400
20121203, 6490, 6640, 6410, 6460, 76459, 6460
20121130, 6520, 6530, 6250, 6500, 159553, 6500
20121129, 6370, 6550, 6260, 6540, 130063, 6540
20121128, 6310, 6450, 6270, 6350, 138631, 6350
20121127, 6150, 6310, 6100, 6310, 121739, 6310
20121126, 6020, 6150, 5900, 6150, 102854, 6150
20121123, 5940, 6150, 5870, 6000, 149619, 6000
20121122, 5810, 5890, 5770, 5880, 124621, 5880
20121121, 6080, 6160, 5670, 5760, 264388, 5760
20121120, 6180, 6240, 5970, 6030, 152347, 6030
20121119, 5980, 6190, 5950, 6140, 172335, 6140
20121116, 6500, 6500, 5790, 5950, 437493, 5950
20121115, 7320, 7330, 6460, 6460, 520689, 6460
20121114, 7880, 7900, 7500, 7590, 113060, 7590
20121113, 8000, 8160, 7860, 7880, 89890, 7880
20121112, 8100, 8110, 7970, 8020, 63064, 8020
20121109, 7960, 8040, 7890, 7960, 52238, 7960
20121108, 8030, 8040, 7890, 7990, 65052, 7990
20121107, 8120, 8190, 8030, 8060, 69840, 8060
20121106, 8240, 8350, 8100, 8110, 87887, 8110
20121105, 8190, 8250, 8050, 8250, 57191, 8250
20121102, 8320, 8400, 8190, 8200, 62875, 8200
20121101, 8390, 8490, 8270, 8280, 80313, 8280
20121031, 8190, 8380, 8190, 8370, 59794, 8370
20121030, 8280, 8370, 8120, 8160, 62535, 8160
20121029, 8300, 8380, 7990, 8190, 117145, 8190
20121026, 8480, 8580, 8260, 8260, 101580, 8260
20121025, 8770, 8780, 8380, 8410, 204980, 8410
20121024, 8300, 8950, 8270, 8800, 563202, 8800
20121023, 8020, 8270, 8000, 8250, 106892, 8250
20121022, 7950, 8050, 7810, 7950, 124533, 7950
20121019, 8190, 8200, 8030, 8060, 81665, 8060
20121018, 8190, 8370, 8170, 8190, 124565, 8190
20121017, 8390, 8410, 8170, 8190, 145976, 8190
20121016, 8600, 8630, 8150, 8300, 267949, 8300
20121015, 8790, 8790, 8580, 8590, 61306, 8590
20121012, 8800, 8900, 8710, 8720, 59371, 8720
20121011, 8940, 9040, 8780, 8810, 54484, 8810
20121010, 8880, 9050, 8800, 8940, 47278, 8940
20121009, 9020, 9090, 8860, 8880, 82264, 8880
20121008, 8950, 9090, 8950, 9020, 84134, 9020
20121005, 9090, 9090, 8870, 8980, 64842, 8980
20121004, 8810, 9010, 8800, 9010, 52931, 9010
20121002, 8860, 8920, 8760, 8810, 46565, 8810
20120928, 8780, 8900, 8740, 8820, 44032, 8820
20120927, 8930, 8960, 8710, 8720, 89611, 8720
20120926, 8930, 9010, 8840, 8930, 63889, 8930
20120925, 9040, 9060, 8920, 8930, 42722, 8930
20120924, 9110, 9110, 8990, 9030, 63079, 9030
20120921, 8960, 9110, 8960, 9080, 87801, 9080
20120920, 9140, 9140, 8980, 8980, 132061, 8980
20120919, 9150, 9150, 9020, 9110, 99196, 9110
20120918, 9100, 9170, 9030, 9120, 92114, 9120
20120917, 9320, 9320, 8970, 9070, 178771, 9070
20120914, 9540, 9640, 9310, 9350, 144864, 9350
20120913, 9650, 9780, 9500, 9520, 56693, 9520
20120912, 9550, 9790, 9550, 9650, 78429, 9650
20120911, 9580, 9600, 9480, 9580, 50056, 9580
20120910, 9640, 9690, 9510, 9610, 56963, 9610
20120907, 9600, 9730, 9400, 9610, 97100, 9610
20120906, 9610, 9630, 9450, 9550, 60105, 9550
20120905, 9610, 9650, 9400, 9550, 70164, 9550
20120904, 9280, 9830, 9280, 9580, 337006, 9580
20120903, 9170, 9320, 9050, 9320, 113600, 9320
20120831, 9150, 9270, 9130, 9160, 80748, 9160
20120830, 9320, 9320, 9140, 9270, 56975, 9270
20120829, 9230, 9350, 9160, 9300, 62958, 9300
20120828, 9120, 9350, 9110, 9280, 110045, 9280
20120827, 9270, 9270, 9100, 9110, 77689, 9110
20120824, 9340, 9380, 9220, 9300, 86911, 9300
20120823, 9310, 9400, 9290, 9400, 72995, 9400
20120822, 9400, 9400, 9200, 9390, 112906, 9390
20120821, 9450, 9480, 9350, 9400, 97453, 9400
20120820, 9460, 9540, 9250, 9400, 137285, 9400
20120817, 9070, 9370, 8950, 9350, 319862, 9350
20120816, 9300, 9300, 9050, 9050, 122669, 9050
20120814, 8850, 9270, 8850, 9240, 272163, 9240
20120813, 8900, 8910, 8700, 8840, 147413, 8840
20120810, 8720, 8860, 8700, 8780, 115955, 8780
20120809, 8750, 8770, 8510, 8680, 246811, 8680
20120808, 8980, 9030, 8730, 8750, 182347, 8750
20120807, 9150, 9150, 8860, 8980, 143219, 8980
20120806, 9170, 9170, 9000, 9030, 81097, 9030
20120803, 9040, 9170, 9000, 9090, 44850, 9090
20120802, 9200, 9300, 9060, 9080, 60626, 9080
20120801, 9180, 9370, 9100, 9210, 65197, 9210
20120731, 9150, 9280, 8990, 9180, 119037, 9180
20120730, 9580, 9580, 9110, 9130, 128268, 9130
20120727, 9380, 9520, 9220, 9450, 161657, 9450
20120726, 9130, 9480, 9070, 9310, 207244, 9310
20120725, 8990, 9280, 8810, 9100, 178440, 9100
20120724, 9270, 9300, 8950, 9100, 246216, 9100
20120723, 9600, 9600, 9290, 9290, 204164, 9290
20120720, 9870, 9950, 9470, 9580, 359175, 9580
20120719, 10300, 10400, 9820, 9920, 406343, 9920
20120718, 9960, 10350, 9850, 10200, 448940, 10200
20120717, 9710, 10100, 9710, 9910, 355084, 9910
20120716, 9940, 10000, 9550, 9600, 309529, 9600
20120713, 10250, 10350, 9620, 10000, 407927, 10000
20120712, 10300, 10700, 10200, 10350, 367337, 10350
20120711, 10150, 10500, 9870, 10400, 454339, 10400
20120710, 9990, 10500, 9940, 10150, 865816, 10150
20120709, 9450, 9940, 9350, 9890, 972916, 9890
20120706, 9480, 9580, 9320, 9380, 525983, 9380
20120705, 9370, 10100, 9260, 9280, 1506179, 9280
20120704, 9030, 9340, 8870, 9210, 557655, 9210
20120703, 9300, 9320, 8900, 8920, 603389, 8920
20120702, 9060, 9520, 8820, 9190, 1125204, 9190
20120629, 10000, 10500, 8590, 8910, 5136918, 8910
